{
  "full": {
    "random_forest": {
      "accuracy": 1.0,
      "precision": 1.0,
      "recall": 1.0,
      "f1": 1.0,
      "roc_auc": 1.0
    },
    "svm": {
      "accuracy": 0.9626168224299065,
      "precision": 0.9245283018867925,
      "recall": 1.0,
      "f1": 0.9607843137254902,
      "roc_auc": 0.9985925404644617
    },
    "xgboost": {
      "accuracy": 1.0,
      "precision": 1.0,
      "recall": 1.0,
      "f1": 1.0,
      "roc_auc": 1.0
    }
  },
  "nohb": {
    "random_forest": {
      "accuracy": 0.5420560747663551,
      "precision": 0.5,
      "recall": 0.5306122448979592,
      "f1": 0.5148514851485149,
      "roc_auc": 0.5054539057002111
    },
    "svm": {
      "accuracy": 0.6261682242990654,
      "precision": 0.5849056603773585,
      "recall": 0.6326530612244898,
      "f1": 0.6078431372549019,
      "roc_auc": 0.6277269528501056
    },
    "xgboost": {
      "accuracy": 0.48598130841121495,
      "precision": 0.4423076923076923,
      "recall": 0.46938775510204084,
      "f1": 0.45544554455445546,
      "roc_auc": 0.47959183673469397
    }
  }
}